,EEG A1-A2,EEG C3-A2,EEG C4-A1,Effort THO,Effort ABD,SpO2,Body,PulseRate,Tracheal
EEG A1-A2,1.0,0.3529789145677473,-0.41784775979948546,-0.07043276754546478,-0.03079781518609401,0.03133370047659186,-0.03490243180783277,-0.022816831802952322,-0.010090775661282003
EEG C3-A2,0.3529789145677473,1.0,0.06542731539921252,-0.053053874170493114,-0.012873978299377066,0.007125866295774301,0.09677478905426004,0.06442041965656396,0.004597364215512664
EEG C4-A1,-0.41784775979948546,0.06542731539921252,1.0,0.025361553798495744,0.011117572738357083,-0.0297466467383979,0.14437033422009551,-0.09709684284178684,0.011828334735795856
Effort THO,-0.07043276754546478,-0.053053874170493114,0.025361553798495744,1.0,0.3811694050820987,0.12324653825753493,0.007382374093770862,0.035405753753976726,-0.0017259580460523016
Effort ABD,-0.03079781518609401,-0.012873978299377066,0.011117572738357083,0.3811694050820987,1.0,0.07944762162486672,0.0020326666076402296,0.016009731973558473,0.005497647924645303
SpO2,0.03133370047659186,0.007125866295774301,-0.0297466467383979,0.12324653825753493,0.07944762162486672,1.0,-0.007845964747750423,0.17862973003419333,0.005520156658743813
Body,-0.03490243180783277,0.09677478905426004,0.14437033422009551,0.007382374093770862,0.0020326666076402296,-0.007845964747750423,1.0,-0.2369719076053892,0.010986120160110887
PulseRate,-0.022816831802952322,0.06442041965656396,-0.09709684284178684,0.035405753753976726,0.016009731973558473,0.17862973003419333,-0.2369719076053892,1.0,0.0107566779829414
Tracheal,-0.010090775661282003,0.004597364215512664,0.011828334735795856,-0.0017259580460523016,0.005497647924645303,0.005520156658743813,0.010986120160110887,0.0107566779829414,1.0
