,EEG A1-A2,EEG C3-A2,EEG C4-A1,Effort THO,Effort ABD,SpO2,Body,PulseRate,Tracheal
EEG A1-A2,1.0,0.8048280867708819,-0.4359012777129031,0.02073832450887151,0.021151243477428708,-0.00306781883867443,0.0009593627407613253,-0.006256350320290466,0.00485211868169854
EEG C3-A2,0.8048280867708819,1.0,-0.2130231196624962,0.024211407532635607,0.013892445672923514,0.025314769461824635,0.0009585151046538087,0.0008828105672787354,0.015332535862144805
EEG C4-A1,-0.4359012777129031,-0.2130231196624962,1.0,0.030451307428903507,-0.003387246309847919,0.01812462794650173,0.012712184126688276,0.03909203688478089,0.009848555270918128
Effort THO,0.02073832450887151,0.024211407532635607,0.030451307428903507,1.0,0.6124803154892098,0.07463539003254989,-0.008785242186501563,0.0013706743541087034,0.04036033097253071
Effort ABD,0.021151243477428708,0.013892445672923514,-0.003387246309847919,0.6124803154892098,1.0,0.08318409899834532,-0.0040427906521627414,-0.0040007106982446064,0.015392466032917015
SpO2,-0.00306781883867443,0.025314769461824635,0.01812462794650173,0.07463539003254989,0.08318409899834532,1.0,-0.040030783700439915,0.29444694386714965,0.04628056797420999
Body,0.0009593627407613253,0.0009585151046538087,0.012712184126688276,-0.008785242186501563,-0.0040427906521627414,-0.040030783700439915,1.0,-0.007262970139883611,-0.0011371148527240273
PulseRate,-0.006256350320290466,0.0008828105672787354,0.03909203688478089,0.0013706743541087034,-0.0040007106982446064,0.29444694386714965,-0.007262970139883611,1.0,0.00823376634481166
Tracheal,0.00485211868169854,0.015332535862144805,0.009848555270918128,0.04036033097253071,0.015392466032917015,0.04628056797420999,-0.0011371148527240273,0.00823376634481166,1.0
